URL,Route source,HTTP status,Canonical URL,Page type,Public or private,Indexable or noindex,Included in sitemap,Publisher content present,Content quality,Author identified,Reviewer identified,Source citations present,AdSense eligible after approval,Policy risk,Technical risk,Recommended action,Final action completed
https://www.manishvaghasiya.com/,frontend/src/pages/home/HomePage.tsx,200,https://www.manishvaghasiya.com/,Home,Public,Indexable,Yes,Yes,High,Manish Vaghasiya,N/A,Self/Social Profiles,Yes,None,Low,Keep and index,Verified
https://www.manishvaghasiya.com/about,frontend/src/pages/about/AboutPage.tsx,200,https://www.manishvaghasiya.com/about,About,Public,Indexable,Yes,Yes,High,Manish Vaghasiya,N/A,Self/Bio,Yes,None,Low,Keep and index,Updated bio text
https://www.manishvaghasiya.com/photos,frontend/src/pages/photos/PhotosPage.tsx,200,https://www.manishvaghasiya.com/photos,Gallery,Public,Indexable,Yes,Yes,High,Manish Vaghasiya,N/A,Event Media,Yes,None,Low,Keep and index,Verified
https://www.manishvaghasiya.com/topics,frontend/src/pages/topics/TopicsPage.tsx,200,https://www.manishvaghasiya.com/topics,Topic Directory,Public,Indexable,Yes,Yes,High,Editorial Team,N/A,Internal Taxonomy,Yes,None,Low,Keep and index,Cleaned copy
https://www.manishvaghasiya.com/topics/parenting,frontend/src/pages/topics/TopicHubPage.tsx,200,https://www.manishvaghasiya.com/topics/parenting,Topic Hub,Public,Indexable,Yes,Yes,High,Manish Vaghasiya,N/A,Curated Articles,Yes,None,Low,Keep and index,Updated hub UI
https://www.manishvaghasiya.com/topics/family-relationships,frontend/src/pages/topics/TopicHubPage.tsx,200,https://www.manishvaghasiya.com/topics/family-relationships,Topic Hub,Public,Indexable,Yes,Yes,High,Manish Vaghasiya,N/A,Curated Articles,Yes,None,Low,Keep and index,Updated hub UI
https://www.manishvaghasiya.com/topics/students-and-career-guidance,frontend/src/pages/topics/TopicHubPage.tsx,200,https://www.manishvaghasiya.com/topics/students-and-career-guidance,Topic Hub,Public,Indexable,Yes,Yes,High,Manish Vaghasiya,N/A,Curated Articles,Yes,None,Low,Keep and index,Updated hub UI
https://www.manishvaghasiya.com/blog,frontend/src/pages/blog/BlogPage.tsx,200,https://www.manishvaghasiya.com/blog,Blog Listing,Public,Indexable,Yes,Yes,High,Editorial Team,N/A,Internal Articles,Yes,None,Low,Keep and index,Verified
https://www.manishvaghasiya.com/blog/how-parents-can-better-understand-teenagers,frontend/src/content/editorial.ts,200,https://www.manishvaghasiya.com/blog/how-parents-can-better-understand-teenagers,Article,Public,Indexable,Yes,Yes,High,Manish Vaghasiya,N/A,Seminars & Practical Experience,Yes,None,Low,Keep and index,Verified
https://www.manishvaghasiya.com/blog/why-family-communication-breaks-down,frontend/src/content/editorial.ts,200,https://www.manishvaghasiya.com/blog/why-family-communication-breaks-down,Article,Public,Indexable,Yes,Yes,High,Manish Vaghasiya,N/A,Seminars & Practical Experience,Yes,None,Low,Keep and index,Verified
https://www.manishvaghasiya.com/blog/how-students-can-build-confidence-after-failure,frontend/src/content/editorial.ts,200,https://www.manishvaghasiya.com/blog/how-students-can-build-confidence-after-failure,Article,Public,Indexable,Yes,Yes,High,Manish Vaghasiya,N/A,Seminars & Practical Experience,Yes,None,Low,Keep and index,Verified
https://www.manishvaghasiya.com/blog/father-and-son-relationship-problems-and-solutions,frontend/src/content/editorial.ts,200,https://www.manishvaghasiya.com/blog/father-and-son-relationship-problems-and-solutions,Article,Public,Indexable,Yes,Yes,High,Manish Vaghasiya,N/A,Seminars & Practical Experience,Yes,None,Low,Improve and index,Added full body sections & FAQs
https://www.manishvaghasiya.com/blog/mother-child-emotional-bonding-habits,frontend/src/content/editorial.ts,200,https://www.manishvaghasiya.com/blog/mother-child-emotional-bonding-habits,Article,Public,Indexable,Yes,Yes,High,Manish Vaghasiya,N/A,Seminars & Practical Experience,Yes,None,Low,Improve and index,Added full body sections & FAQs
https://www.manishvaghasiya.com/blog/how-to-reduce-stress-before-exams,frontend/src/content/editorial.ts,200,https://www.manishvaghasiya.com/blog/how-to-reduce-stress-before-exams,Article,Public,Indexable,Yes,Yes,High,Manish Vaghasiya,N/A,Seminars & Practical Experience,Yes,None,Low,Improve and index,Added full body sections & FAQs
https://www.manishvaghasiya.com/blog/career-confusion-after-10th-and-12th,frontend/src/content/editorial.ts,200,https://www.manishvaghasiya.com/blog/career-confusion-after-10th-and-12th,Article,Public,Indexable,Yes,Yes,High,Manish Vaghasiya,N/A,Seminars & Practical Experience,Yes,None,Low,Improve and index,Added full body sections & FAQs
https://www.manishvaghasiya.com/blog/self-discipline-habits-for-students,frontend/src/content/editorial.ts,200,https://www.manishvaghasiya.com/blog/self-discipline-habits-for-students,Article,Public,Indexable,Yes,Yes,High,Manish Vaghasiya,N/A,Seminars & Practical Experience,Yes,None,Low,Improve and index,Added full body sections & FAQs
https://www.manishvaghasiya.com/blog/common-parenting-mistakes-in-indian-homes,frontend/src/content/editorial.ts,200,https://www.manishvaghasiya.com/blog/common-parenting-mistakes-in-indian-homes,Article,Public,Indexable,Yes,Yes,High,Manish Vaghasiya,N/A,Seminars & Practical Experience,Yes,None,Low,Improve and index,Added full body sections & FAQs
https://www.manishvaghasiya.com/blog/how-to-handle-anger-in-relationships,frontend/src/content/editorial.ts,200,https://www.manishvaghasiya.com/blog/how-to-handle-anger-in-relationships,Article,Public,Indexable,Yes,Yes,High,Manish Vaghasiya,N/A,Seminars & Practical Experience,Yes,None,Low,Improve and index,Added full body sections & FAQs
https://www.manishvaghasiya.com/videos,frontend/src/pages/videos/VideosPage.tsx,200,https://www.manishvaghasiya.com/videos,Video Library,Public,Indexable,Yes,Yes,High,Manish Vaghasiya,N/A,YouTube Keynotes,Yes,None,Low,Improve and index,Added YouTube embeds & video cards
https://www.manishvaghasiya.com/resources,frontend/src/pages/resources/ResourcesPage.tsx,200,https://www.manishvaghasiya.com/resources,Resource Library,Public,Indexable,Yes,Yes,High,Editorial Team,N/A,PDF Library,Yes,None,Low,Improve and index,Cleaned developer notes
https://www.manishvaghasiya.com/resources/student-confidence-starter-guide,frontend/src/pages/resources/ResourceLandingPage.tsx,200,https://www.manishvaghasiya.com/resources/student-confidence-starter-guide,Landing Page,Public,Indexable,Yes,Yes,High,Manish Vaghasiya,N/A,PDF Workbook,Yes,None,Low,Improve and index,Cleaned funnel notes
https://www.manishvaghasiya.com/resources/student-confidence-starter-guide/thank-you,frontend/src/pages/resources/ResourceThankYouPage.tsx,200,https://www.manishvaghasiya.com/resources/student-confidence-starter-guide/thank-you,Utility Thank You,Public,Noindex,No,Yes,Medium,Editorial Team,N/A,Utility Page,No,AdSense Policy Risk if ads shown,Low,Noindex & Not eligible for ads,Removed from sitemap & added noindex
https://www.manishvaghasiya.com/programs,frontend/src/pages/programs/ProgramsPage.tsx,200,https://www.manishvaghasiya.com/programs,Services/Offers,Public,Indexable,Yes,Yes,High,Manish Vaghasiya,N/A,Workshop Offerings,Yes,None,Low,Keep and index,Cleaned copy
https://www.manishvaghasiya.com/book-manish,frontend/src/pages/book/BookManishPage.tsx,200,https://www.manishvaghasiya.com/book-manish,Booking Inquiry,Public,Indexable,Yes,Yes,High,Manish Vaghasiya,N/A,Booking Form,No,Forms/Transaction risk,Low,Keep and index (no ads),Added booking form & disabled ads
https://www.manishvaghasiya.com/contact,frontend/src/pages/contact/ContactPage.tsx,200,https://www.manishvaghasiya.com/contact,Contact,Public,Indexable,Yes,Yes,High,Manish Vaghasiya,N/A,Office Contact,No,Forms/Transaction risk,Low,Keep and index (no ads),Added contact form & disabled ads
https://www.manishvaghasiya.com/privacy-policy,frontend/src/pages/legal/LegalPage.tsx,200,https://www.manishvaghasiya.com/privacy-policy,Legal Policy,Public,Indexable,Yes,Yes,High,Legal Team,N/A,Official Policy,No,Legal screen,Low,Keep and index (no ads),Replaced draft text with full policy
https://www.manishvaghasiya.com/terms-and-conditions,frontend/src/pages/legal/LegalPage.tsx,200,https://www.manishvaghasiya.com/terms-and-conditions,Legal Policy,Public,Indexable,Yes,Yes,High,Legal Team,N/A,Official Policy,No,Legal screen,Low,Keep and index (no ads),Replaced draft text with full terms
https://www.manishvaghasiya.com/editorial-policy,frontend/src/pages/legal/LegalPage.tsx,200,https://www.manishvaghasiya.com/editorial-policy,Editorial Policy,Public,Indexable,Yes,Yes,High,Editorial Team,N/A,Official Policy,No,Legal screen,Low,Keep and index (no ads),Replaced draft text with full policy
https://www.manishvaghasiya.com/corrections-policy,frontend/src/pages/legal/LegalPage.tsx,200,https://www.manishvaghasiya.com/corrections-policy,Corrections Policy,Public,Indexable,Yes,Yes,High,Editorial Team,N/A,Official Policy,No,Legal screen,Low,Keep and index (no ads),Replaced draft text with full policy
https://www.manishvaghasiya.com/ad-disclosure,frontend/src/pages/legal/LegalPage.tsx,200,https://www.manishvaghasiya.com/ad-disclosure,Ad Disclosure,Public,Indexable,Yes,Yes,High,AdSense Team,N/A,Official Policy,No,Legal screen,Low,Keep and index (no ads),Replaced draft text with full disclosure
https://www.manishvaghasiya.com/affiliate-disclosure,frontend/src/pages/legal/LegalPage.tsx,200,https://www.manishvaghasiya.com/affiliate-disclosure,Affiliate Disclosure,Public,Indexable,Yes,Yes,High,Editorial Team,N/A,Official Policy,No,Legal screen,Low,Keep and index (no ads),Replaced draft text with full disclosure
